name,group,Rank,Rating,Reviews,Min Installs,max_installs
Clash of Clans,Strategy,1,4.56,3134089,10000000,50000000
Candy Crush Saga,Casual,2,4.36,6085041,100000000,500000000
Farm Heroes Saga,Casual,3,4.34,2202519,50000000,100000000
Pet Rescue Saga,Casual,4,4.23,1074190,50000000,100000000
Hay Day,Family,5,4.42,2135814,10000000,50000000
Castle Clash,Strategy,6,4.54,1336469,10000000,50000000
Brave Frontier,Action,7,4.47,276869,1000000,5000000
Slotomania - FREE Slots,Casino,8,4.37,462968,10000000,50000000
Jackpot Party Casino - Slots,Casino,9,4.17,69239,1000000,5000000
Pandorainternet radio,Music & Audio,10,4.46,1447619,100000000,500000000
BINGO Blitz - FREE Bingo+Slots,Casino,11,4.43,143437,5000000,10000000
Knights & Dragons,Action,12,4.54,200398,5000000,10000000
Family Guy The Quest for Stuff,Adventure,13,4.07,223997,5000000,10000000
FarmVille 2: Country Escape,Family,14,4.29,268570,1000000,5000000
Dragon City,Simulation,15,4.42,843332,10000000,50000000
The Simpsons: Tapped Out,Casual,16,4.37,302288,5000000,10000000
The Hobbit: Kingdoms,Strategy,17,4.06,120410,5000000,10000000
DoubleDown Casino - FREE Slots,Casino,18,4.11,95956,10000000,50000000
Big Fish Casino,Casino,19,4.28,57560,5000000,10000000
MARVEL War of Heroes,Arcade,20,3.75,47733,10000000,50000000
Dragons of Atlantis: Heirs,Strategy,21,4.27,116709,1000000,5000000
Empire: Four Kingdoms,Strategy,22,4.02,206620,10000000,50000000
myVEGAS Slots Free Casino,Casino,23,4.5,111346,1000000,5000000
Bingo Bash - Free Bingo Casino,Casino,24,4.24,259352,10000000,50000000
GSN Casino FREE Slots & Bingo,Casino,25,4.35,119064,5000000,10000000
Slots - House of Fun,Casino,26,4.2,56366,1000000,5000000
Slot City - FREE Tournaments,Casino,27,4.49,323848,10000000,50000000
Age of Warring Empire,Role Playing,28,4.39,287634,10000000,50000000
Zynga PokerTexas Holdem,Casino,29,4.35,502819,10000000,50000000
Blood Brothers (RPG),Action,30,4.52,245231,10000000,50000000
Puzzle & Dragons,Puzzle,31,4.34,31239,1000000,5000000
Papa Pear Saga,Casual,32,4.05,507014,10000000,50000000
CSR Classics,Racing,33,4.45,178819,1000000,5000000
Cookie Jam,Puzzle,34,4.28,40350,1000000,5000000
DEER HUNTER 2014,Action,35,4.48,2190020,10000000,50000000
Star Wars Force Collection,Strategy,36,3.86,16387,500000,1000000
Minecraft - Pocket Edition,Arcade,37,4.52,381125,1000000,5000000
Marvel Puzzle Quest Dark Reign,Puzzle,38,4.33,65048,1000000,5000000
Jackpot Slots - Slot Machines,Casino,39,4.4,177656,10000000,50000000
Dark Summoner,Role Playing,40,4.35,44691,1000000,5000000
The Sims FreePlay,Simulation,41,4.33,321011,5000000,10000000
Rage of Bahamut,Arcade,42,3.77,51226,5000000,10000000
Caesars Slots,Casino,43,4.26,46318,1000000,5000000
Clash of Lords 2,Strategy,44,4.6,185734,1000000,5000000
Live Holdem Poker Pro,Card,45,4.66,1023842,10000000,50000000
Crime City (Action RPG),Action,46,4.31,156927,10000000,50000000
Megapolis,Strategy,47,4.23,417276,10000000,50000000
Bejeweled Blitz,Puzzle,48,4.28,70431,5000000,10000000
Modern War by GREE,Action,49,4.16,83243,5000000,10000000
Injustice: Gods Among Us,Action,50,4.52,694610,5000000,10000000
Westbound: Pioneer Adventure,Simulation,51,4.27,100936,1000000,5000000
Kingdoms of Camelot: Battle,Strategy,52,4.05,38624,1000000,5000000
Slots - Pharaoh's Way,Casino,53,4.42,97871,1000000,5000000
DH Texas Poker - Texas Holdem,Casino,54,4.48,247153,10000000,50000000
MONOPOLY Slots,Casino,55,4.47,48528,1000000,5000000
CSR Racing,Racing,56,4.46,924225,10000000,50000000
Dragons World,Simulation,57,4.17,205052,5000000,10000000
Frozen Free Fall,Puzzle,58,4.31,462981,10000000,50000000
Subway Surfers,Arcade,59,4.49,6979373,100000000,500000000
Fantasica,Casual,60,4.41,78829,1000000,5000000
8 Ball Pool,Sports,61,4.42,883234,10000000,50000000
Juice Cubes,Puzzle,62,4.15,199382,10000000,50000000
CSI: Hidden Crimes,Puzzle,63,4.16,66138,1000000,5000000
Heroes of Dragon Age,Action,64,4.23,43544,500000,1000000
Heroes of Camelot,Card,65,4.35,140031,1000000,5000000
World Series of Poker  WSOP,Card,66,4.3,33812,1000000,5000000
Jungle Heat,Strategy,67,4.5,371968,5000000,10000000
CastleVille Legends,Family,68,4.19,184988,1000000,5000000
Spartan Wars: Empire of Honor,Strategy,69,4.27,115258,5000000,10000000
Ace Fishing: Wild Catch,Sports,70,4.42,325714,1000000,5000000
MyNBA2K14,Sports,71,4.01,40046,1000000,5000000
Tyrant Unleashed,Strategy,72,3.98,39915,1000000,5000000
Forest Mania,Puzzle,73,4.24,15945,500000,1000000
Jelly Splash,Puzzle,74,4.15,286231,10000000,50000000
Slots Fever - Free Slots,Casino,75,4.09,25855,1000000,5000000
DoubleU Casino - FREE Slots,Casino,76,4.42,13123,100000,500000
Monster Busters,Puzzle,77,4.59,88453,1000000,5000000
Real Racing 3,Racing,78,4.13,49997,5000000,10000000
OkCupid Dating,Social,79,4.24,99228,1000000,5000000
Plants vs. Zombies,Casual,80,4.21,140245,1000000,5000000
Best Casino - Slot Machines,Casino,81,4.6,105907,1000000,5000000
Greed for Glory: War Strategy,Strategy,82,4.44,70190,1000000,5000000
Slot Machines by IGG,Casino,83,4.76,229480,5000000,10000000
Plague Inc.,Simulation,84,4.58,734226,10000000,50000000
Family Farm Seaside,Casual,85,4.21,315436,10000000,50000000
Slots Vacation,Casino,86,4.22,31450,1000000,5000000
Iron Force,Action,87,4.19,14542,100000,500000
Slot Galaxy HD Slot Machines,Casino,88,4.45,73436,5000000,10000000
Samurai Siege,Strategy,89,4.4,103904,1000000,5000000
Galaxy Legend,Role Playing,90,4.31,152724,1000000,5000000
PaeksangArtsAwards Vote,Entertainment,91,3.24,749,10000,50000
Monster Warlord,Adventure,92,4.4,227706,10000000,50000000
Shipwrecked: Lost Island,Simulation,93,4.23,156214,5000000,10000000
Bubble Witch Saga,Casual,94,4.16,212518,10000000,50000000
Bingo Fever - Free Bingo Game,Casino,95,4.07,41138,1000000,5000000
HellFire: The Summoning,Adventure,96,4.53,83125,5000000,10000000
Kingdoms at War,Arcade,97,4.5,27108,1000000,5000000
Legend of the Cryptids,Card,98,4.09,15914,1000000,5000000
Pocket Knights,Arcade,99,3.92,9791,500000,1000000
Dice With Buddies  Free,Board,100,4.45,68048,1000000,5000000
DragonVale,Family,101,4.34,132889,5000000,10000000
My Singing Monsters,Simulation,102,4.43,103903,1000000,5000000
Order & Chaos Online,Role Playing,103,4.3,70795,100000,500000
War of Legions,Role Playing,104,4.13,7183,100000,500000
MLB.com At Bat,Sports,105,4.2,23058,1000000,5000000
Despicable Me,Casual,106,4.52,3413695,100000000,500000000
LINE: Free Calls & Messages,Communication,107,4.18,2991972,100000000,500000000
Titan Slots,Casino,108,4.32,32985,1000000,5000000
War of Nations,Role Playing,109,3.79,14156,1000000,5000000
Make It Rain: Love of Money,Casual,110,4.47,14931,100000,500000
High School Story,Simulation,111,4.12,159937,1000000,5000000
Transformers Legends,Action,112,4.17,85164,5000000,10000000
Game of War - Fire Age,Strategy,113,4.17,6820,100000,500000
Covet Fashion - The Game,Casual,114,4.03,17670,500000,1000000
Elemental Kingdoms (CCG),Card,115,3.88,22066,1000000,5000000
Ayakashi: Ghost Guild,Role Playing,116,4.41,79467,1000000,5000000
A for Kakao,Puzzle,117,4.12,679902,5000000,10000000
Golf Star,Sports,118,4.43,190353,1000000,5000000
Empire:Rome Rising,Strategy,119,4.13,16785,500000,1000000
My Talking Tom,Casual,120,4.4,2220482,50000000,100000000
ETERNITY WARRIORS 3,Action,121,4.36,287444,1000000,5000000
Marvel Comics,Comics,122,4.12,18845,5000000,10000000
The Secret Society,Adventure,123,4.4,226477,1000000,5000000
Battle Islands,Strategy,124,3.88,28827,500000,1000000
Clumsy Ninja,Family,125,4.39,171511,1000000,5000000
Dungeon Keeper,Strategy,126,3.98,51164,500000,1000000
Happy Farm:Candy Day,Casual,127,4.18,365524,10000000,50000000
Fast & Furious 6: The Game,Action,128,4.14,487722,10000000,50000000
Valkyrie Crusade,Casual,129,4.41,33058,1000000,5000000
Legend Online: New Era,Role Playing,130,4.1,36747,1000000,5000000
GO SMS Pro,Communication,131,4.44,1358920,50000000,100000000
Bloons TD 5,Strategy,132,4.62,40812,500000,1000000
Virtual Families 2,Casual,133,4.18,126280,1000000,5000000
SUMMON MASTERS,Role Playing,134,4.34,66328,1000000,5000000
UNO  & Friends,Card,135,4.15,366385,10000000,50000000
Dragon Story: Springtime,Casual,136,4.09,19300,500000,1000000
World at Arms,Strategy,137,4.32,337300,10000000,50000000
Animal Voyage:Island Adventure,Casual,138,4.14,72964,1000000,5000000
HonorBound (RPG),Role Playing,139,4.51,93732,500000,1000000
Hill Climb Racing,Racing,140,4.45,2788166,100000000,500000000
FIFA 14 by EA SPORTS ,Sports,141,4.49,125308,1000000,5000000
The Amazing Spider-Man 2,Action,142,4.08,10559,50000,100000
MeetMe: Chat & Meet New People,Social,143,4.16,353470,10000000,50000000
Candy Blast Mania,Arcade,144,4.15,21425,500000,1000000
The Price is Right Slots,Casino,145,4.26,34437,1000000,5000000
Card Wars - Adventure Time,Card,146,4.26,16727,100000,500000
Texas HoldEm Poker Deluxe,Casino,147,4.6,283989,10000000,50000000
The Tribez,Simulation,148,4.49,561031,1000000,5000000
D.O.T. Defender of Texel (RPG),Arcade,149,4.38,44712,1000000,5000000
Jurassic Park Builder,Simulation,150,4.21,282368,10000000,50000000
Little Empire,Strategy,151,4.38,122355,5000000,10000000
King's Empire,Strategy,152,4.24,73132,1000000,5000000
Angry Birds,Arcade,153,4.46,2719534,100000000,500000000
Star Wars: Assault Team,Strategy,154,4.07,52324,1000000,5000000
Slots Riches of Olympus,Casino,155,4.25,6881,100000,500000
Bingo by IGG: Top Bingo+Slots!,Casino,156,4.62,54608,1000000,5000000
Throne Rush,Strategy,157,4.38,153621,1000000,5000000
Legends at War,Role Playing,158,4.07,24834,500000,1000000
Angry Birds Go!,Racing,159,4.15,1494887,10000000,50000000
Zombie Assault:Sniper,Action,160,4.16,61474,1000000,5000000
Township,Simulation,161,4.31,122506,1000000,5000000
Disco Bees,Puzzle,162,4.24,29433,1000000,5000000
Rage of the Immortals,Role Playing,163,4.12,50452,1000000,5000000
Fashion Story: Mother's Day,Casual,164,4.19,8821,100000,500000
Texas Poker,Card,165,4.15,77695,10000000,50000000
Paramon,Adventure,166,3.81,4407,100000,500000
FoxFi Key (supports PdaNet),Communication,167,3.88,6993,500000,1000000
Battle Alert,Role Playing,168,4.05,76104,5000000,10000000
Spirit Stones,Puzzle,169,4.29,86373,1000000,5000000
WhatsApp Messenger,Communication,170,4.45,12641916,500000000,1000000000
Deadman's Cross,Role Playing,171,3.65,33842,1000000,5000000
Drag Racing,Racing,172,4.46,1438518,100000000,500000000
The Walking Dead: Season One,Adventure,173,4.47,212529,1000000,5000000
Slot Bonanza-FREE Casino Slots,Casino,174,4.35,12796,500000,1000000
Viber,Communication,175,4.35,3652594,100000000,500000000
Top Eleven Be a Soccer Manager,Sports,176,4.46,808602,10000000,50000000
Pixel Gun 3D,Action,177,4.39,150364,1000000,5000000
Avengers Alliance,Action,178,3.96,153228,5000000,10000000
Brightwood Adventures,Casual,179,4.41,85628,1000000,5000000
The Price Is Right Bingo,Casino,180,4.35,6367,100000,500000
Bakery Story: Mother Day,Casual,181,4.49,6306,100000,500000
Soul Guardians: Age of Midgard,Action,182,4.36,5002,50000,100000
Magic Piano by Smule,Music & Audio,183,4.13,220287,10000000,50000000
G.I. JOE: BATTLEGROUND,Arcade,184,4.09,11474,1000000,5000000
Asphalt 8: Airborne,Racing,185,4.46,1228466,10000000,50000000
Fresh Deck Poker - Live Holdem,Casino,186,4.58,32295,1000000,5000000
Real Steel World Robot Boxing,Action,187,4.48,569858,10000000,50000000
Battle of Zombies: Clans MMO,Strategy,188,4.09,70765,1000000,5000000
FRONTLINE COMMANDO 2,Action,189,4.25,375146,5000000,10000000
SLINGSHOT BRAVES,Role Playing,190,4.14,36129,500000,1000000
Lookout Security & Antivirus,Productivity,191,4.49,654137,50000000,100000000
GREE,Social,192,2.58,22825,5000000,10000000
Jewel Mania,Arcade,193,3.72,70431,5000000,10000000
Road Riot For Tango,Racing,194,4.31,68608,1000000,5000000
Slots by Jackpotjoy,Casino,195,4.19,16215,1000000,5000000
ONLINE RPG AVABEL,Role Playing,196,4.3,135256,1000000,5000000
MADDEN NFL 25 by EA SPORTS,Sports,197,4.3,108320,1000000,5000000
"Vault-Hide SMS, Pics & Videos",Business,198,4.43,314040,10000000,50000000
TETRISI Blitz,Puzzle,199,4.44,106548,1000000,5000000
9 Innings: 2014 Pro Baseball,Sports,200,4.57,297977,5000000,10000000
Dragon Story,Casual,201,4.22,116371,5000000,10000000
Throne Wars,Strategy,202,4.13,34370,1000000,5000000
Nemo's Reef,Strategy,203,4.17,139646,10000000,50000000
Angry Birds Friends,Arcade,204,4.2,236754,10000000,50000000
Family Feud & Friends,Trivia,205,4.39,309097,10000000,50000000
Bingo PartyLand,Casino,206,4.03,6161,500000,1000000
AA for Kakao,Role Playing,207,4.35,137095,1000000,5000000
Words With Friends Free,Word,208,4.31,1547549,10000000,50000000
Ice Age Village,Casual,209,4.41,1101335,10000000,50000000
Scramble With Friends Free,Word,210,4.57,397684,10000000,50000000
Lord of the Dragons,Casual,211,4.11,7835,500000,1000000
Restaurant Story: Springtime,Casual,212,4.16,19428,500000,1000000
Smurfs' Village,Casual,213,4.53,573621,10000000,50000000
Party in my Dorm,Casual,214,4.13,20743,1000000,5000000
Tagged - Meet New People,Social,215,4.11,277054,5000000,10000000
MY LITTLE PONY,Casual,216,4.39,288180,10000000,50000000
Heroes of Atlan,Role Playing,217,4.3,26244,100000,500000
XCOM: Enemy Unknown,Strategy,218,4.6,3992,10000,50000
Solitaire TriPeaks by GSN,Card,219,4.17,10578,500000,1000000
Bingo Rush 2,Casino,220,4.09,9401,500000,1000000
Royal Revolt 2,Action,221,4.42,97153,1000000,5000000
Baldur's Gate Enhanced Edition,Role Playing,222,4.57,2955,10000,50000
Crime Inc.,Role Playing,223,4.37,12812,500000,1000000
Bubble Mania,Arcade,224,4.17,162792,10000000,50000000
Diamond Dash,Arcade,225,4.52,727741,10000000,50000000
Grand Theft Auto: San Andreas,Action,226,4.33,48052,100000,500000
Norton Security & Antivirus,Tools,227,4.43,285161,10000000,50000000
Clash of Lords,Strategy,228,4.55,186553,1000000,5000000
X-Men: Battle of the Atom,Role Playing,229,3.69,2509,50000,100000
Hungry Shark Evolution,Arcade,230,4.43,724950,10000000,50000000
Panda Pop,Puzzle,231,4.01,44904,1000000,5000000
Coin Dozer,Casino,232,4.49,622074,10000000,50000000
DC Comics,Comics,233,4.16,7486,1000000,5000000
Magisto Video Editor & Maker,Photography,234,4.34,307175,10000000,50000000
Ultimate Guitar Tabs & Chords,Music & Audio,235,4.58,40608,500000,1000000
Bike Race Free - Top Free Game,Action,236,4.55,704476,10000000,50000000
Bingo,Casino,237,4.36,59169,500000,1000000
Next Launcher 3D Shell,Personalization,238,4.54,34353,100000,500000
Wild Bingo - FREE Bingo+Slots,Casino,239,4.35,128291,1000000,5000000
NASCAR MOBILE,Sports,240,4.01,31226,1000000,5000000
DEAD TRIGGER 2,Action,241,4.5,584933,5000000,10000000
Airport City,Simulation,242,4.51,393298,5000000,10000000
R.B.I. Baseball 14,Sports,243,4.08,150,1000,5000
Slots,Card,244,4.16,46817,5000000,10000000
Grepolis,Strategy,245,4.26,64862,1000000,5000000
Slots Fairytale: FREE SLOTS,Casino,246,4.46,9493,500000,1000000
AntiVirus Security - FREE,Communication,247,4.4,1678226,100000000,500000000
Paperama,Puzzle,248,4.42,500268,5000000,10000000
Arcane Legends,Role Playing,249,4.47,158775,10000000,50000000
Paradise Island,Simulation,250,4.6,907604,10000000,50000000
Eternal Uprising: End of Days,Card,251,4.04,8748,100000,500000
Stilland War HD(Adventure RPG),Role Playing,252,4,10859,500000,1000000
HELLO HERO,Role Playing,253,4.34,96893,1000000,5000000
NBA JAM by EA SPORTS,Sports,254,4.15,15521,100000,500000
SwiftKey Keyboard,Productivity,255,4.65,427064,1000000,5000000
Eredan Arena - Card Game,Card,256,4.52,39889,500000,1000000
NASCAR RACEVIEW MOBILE,Sports,257,3.86,3186,100000,500000
MONOPOLY Bingo,Casino,258,3.94,20914,1000000,5000000
War 2 Victory,Strategy,259,4.15,19851,1000000,5000000
Sing! Karaoke by Smule,Music & Audio,260,3.86,47656,1000000,5000000
Machinarium,Adventure,261,4.62,6196,50000,100000
"Chat, Meet People - Moco Chat",Social,262,4.18,125355,5000000,10000000
Devil Maker: Tokyo,Card,263,4.14,7333,100000,500000
RoboCop,Action,264,4.2,536658,10000000,50000000
DOWNTOWN MAFIA (RPG) - FREE,Role Playing,265,4.42,13975,500000,1000000
AnastasiaDate,Social,266,4.02,10323,1000000,5000000
Tiny Monsters,Casual,267,4.26,80335,1000000,5000000
Evernote,Productivity,268,4.65,907901,10000000,50000000
Flutter,Arcade,269,4.2,11220,100000,500000
Jetpack Joyride,Arcade,270,4.35,1311470,50000000,100000000
LINE COOKIE RUN,Arcade,271,4.44,1568683,10000000,50000000
WhitePages,Travel & Local,272,4.42,26970,1000000,5000000
Campus Life,Casual,273,3.91,50838,1000000,5000000
SpongeBob Moves In,Simulation,274,3.87,1804,10000,50000
Get Followers On Instagram,Social,275,4.38,14446,100000,500000
NBA General Manager 2014,Sports,276,4.11,28477,500000,1000000
Lost Bubble - Bubble Shooter,Arcade,277,4.43,80618,1000000,5000000
Flow Free,Puzzle,278,4.4,488200,50000000,100000000
D&D Arena of War,Arcade,279,3.8,21229,1000000,5000000
Battle Command!,Strategy,280,4.21,44148,1000000,5000000
Legend of Minerva,Action,281,3.85,5108,1000000,5000000
RPG IRUNA Online MMORPG,Role Playing,282,4.07,20350,500000,1000000
Greed for Glory: Elder Magicks,Strategy,283,4.16,1943,100000,500000
Bakery Story,Casual,284,4.37,260111,10000000,50000000
Book of Heroes,Role Playing,285,4.29,20864,500000,1000000
Angry Birds Star Wars II Free,Arcade,286,4.31,484521,10000000,50000000
Friendly Fire!,Arcade,287,4.17,71749,1000000,5000000
Battle Beach,Arcade,288,4.4,55850,1000000,5000000
Need for Speed Most Wanted,Racing,289,3.84,17983,500000,1000000
Noom Weight Loss Coach,Health & Fitness,290,4.32,117796,10000000,50000000
Cut the Rope 2,Puzzle,291,4.3,672452,10000000,50000000
Slots Oz - slot machines,Casino,292,4.16,4469,100000,500000
4 Pics 1 Word,Word,293,4.49,653182,10000000,50000000
The Oregon Trail: Settler,Casual,294,4.46,212643,5000000,10000000
Photo Editor by Aviary,Photography,295,4.48,801335,50000000,100000000
Meow Meow Star Acres,Educational,296,4.35,38342,500000,1000000
Slots Zeus's Way:slot machines,Casino,297,4.28,10670,500000,1000000
Slots Journey 2,Casino,298,4.37,21034,100000,500000
Dream Fish,Casual,299,4.36,20466,500000,1000000
NCLEX RN Mastery,Education,300,4.72,122,1000,5000
Dungeon Hunter 4,Role Playing,301,4.38,482544,5000000,10000000
Motor World Car Factory,Racing,302,4.34,74301,1000000,5000000
Solitaire Arena,Card,303,4.32,26288,500000,1000000
Restaurant Story,Casual,304,4.32,268516,10000000,50000000
The Gate - Free RTS CCG game,Action,305,3.99,15820,100000,500000
Chicken Boy,Action,306,4.11,28544,1000000,5000000
Survivalcraft,Action,307,4.39,26849,500000,1000000
Big Barn World Social Farming,Casual,308,4.32,2420,50000,100000
GT Racing 2: The Real Car Exp,Racing,309,4.31,577181,10000000,50000000
ONLINE,Puzzle,310,3.93,1185,100000,500000
The Tribez & Castlez,Arcade,311,4.19,52782,500000,1000000
KakaoTalk: Free Calls & Text,Communication,312,4.36,1628066,100000000,500000000
Exchange by TouchDown Key,Business,313,4.42,6184,100000,500000
Sonic Dash,Arcade,314,4.41,818426,10000000,50000000
App for Kakao,Role Playing,315,4.43,1164752,5000000,10000000
Dropbox,Productivity,316,4.51,655202,100000000,500000000
Smash Hit,Arcade,317,4.43,1131443,10000000,50000000
az for Kakao,Board,318,4.22,1231382,10000000,50000000
textPlus Free Text + Calls,Social,319,4.17,211683,10000000,50000000
"Skout - Meet, Chat, Friend",Social,320,4.15,289130,10000000,50000000
Modern Combat 4: Zero Hour,Action,321,4.43,134151,500000,1000000
Geocaching,Entertainment,322,4.24,14401,100000,500000
Dice With Buddies,Board,323,4.46,5438,50000,100000
Disney Hidden Worlds,Casual,324,3.84,69795,1000000,5000000
The Sims ,Simulation,325,3.38,14247,100000,500000
PBA Bowling Challenge,Sports,326,4.45,123177,5000000,10000000
Dragon Era - Slots Card RPG,Role Playing,327,4.08,4522,100000,500000
Nova Launcher Prime,Personalization,328,4.77,76059,500000,1000000
Terraria.,Adventure,329,4.39,19402,100000,500000
Episode - Choose Your Story,Simulation,330,4.01,61410,1000000,5000000
Monster Match,Puzzle,331,4.23,23613,1000000,5000000
Badoo - Meet New People,Social,332,4.47,1076965,10000000,50000000
Odd Socks,Family,333,4.26,20595,500000,1000000
Village Life: Love & Babies,Adventure,334,4.2,10806,100000,500000
Slots Bash - Free Casino,Casino,335,4.07,8094,500000,1000000
Words of Wonder,Word,336,3.94,26009,1000000,5000000
Slots Paradise,Casino,337,4.31,12029,100000,500000
NBA 2K14,Sports,338,4.18,4323,10000,50000
Reign of Summoners 2014,Card,339,3.86,1607,100000,500000
Poweramp Full Version Unlocker,Music & Audio,340,4.67,94110,1000000,5000000
Torque Pro (OBD 2 & Car),Communication,341,4.69,23042,100000,500000
Treasure Diving,Adventure,342,4.64,95526,1000000,5000000
Dark Avenger,Role Playing,343,4.49,355553,5000000,10000000
Disco Zoo,Casual,344,4.48,39950,100000,500000
Plex for Android,Media & Video,345,4.36,15328,100000,500000
Slots Social Casino,Casino,346,4.05,57480,5000000,10000000
Spy Wars,Strategy,347,4.19,17622,100000,500000
Casino X - FREE NEW SLOTS,Casino,348,4.2,4517,500000,1000000
PicsArt - Photo Studio,Photography,349,4.53,2055489,100000000,500000000
Nitro Nation,Racing,350,4.04,47819,1000000,5000000
Udemy,Education,351,4.31,7559,100000,500000
Jewels Saga,Arcade,352,4.48,316192,10000000,50000000
GolfLogix #1 Free Golf GPS App,Sports,353,3.99,7117,1000000,5000000
Forces of War,Role Playing,354,4.43,20804,1000000,5000000
app,Puzzle,355,4.4,451586,5000000,10000000
Vonage Mobile Call Video Text,Communication,356,4.15,18021,1000000,5000000
Top Farm,Simulation,357,4.13,48125,1000000,5000000
Lies Of Astaroth,Card,358,4.01,5269,100000,500000
VSCO Cam,Photography,359,4.27,68652,1000000,5000000
Fishing Superstars: Season 2,Sports,360,4.39,198890,10000000,50000000
Shall we date  Ninja Love,Adventure,361,4.35,9702,100000,500000
Enemy Lines-Real-Time Strategy,Strategy,362,4.35,61862,1000000,5000000
Star Wars: Tiny Death Star,Simulation,363,3.9,106882,1000000,5000000
Temple Run 2,Action,364,4.37,2391040,100000000,500000000
Slots Wheel Deal free slots,Casino,365,4.24,10788,1000000,5000000
Mad Skills Motocross 2,Racing,366,3.98,92066,1000000,5000000
Dragon Mania,Casual,367,4.14,201226,5000000,10000000
Galaxy Empire,Strategy,368,4.04,43804,1000000,5000000
Dawn of the Dragons,Role Playing,369,4.28,11448,500000,1000000
Growtopia,Adventure,370,4.16,48174,500000,1000000
Heads Up!,Word,371,4.52,6972,100000,500000
Mobile Security & Antivirus,Tools,372,4.43,1196992,50000000,100000000
AllCast Premium,Entertainment,373,4.22,5273,50000,100000
CONTRACT KILLER 2,Action,374,4.37,308702,5000000,10000000
STARDOM: HOLLYWOOD,Adventure,375,4.41,78453,1000000,5000000
Doctor Who: Legacy,Puzzle,376,4.29,22431,500000,1000000
Angry Birds Rio,Arcade,377,4.44,1116491,100000000,500000000
The Amazing Spider-Man,Action,378,3.91,66027,500000,1000000
Truck GPS Route Navigation,Transportation,379,4.28,1004,100000,500000
Dynasty Warlord,Strategy,380,4.06,15385,100000,500000
SuperGNES (SNES Emulator),Arcade,381,4.35,17460,500000,1000000
Shall we date MySweetPrince,Adventure,382,4.25,11336,100000,500000
PokerStars Lite - Free Poker,Card,383,4.48,72696,1000000,5000000
Scramble With Friends,Word,384,4.48,32558,100000,500000
Texas Holdem Poker-Poker KinG,Card,385,4.29,11714,100000,500000
Battle Nations,Strategy,386,3.96,10109,100000,500000
Grand Theft Auto III,Action,387,3.69,54098,1000000,5000000
Call of Duty Black Ops Zombies,Action,388,4.05,19106,100000,500000
Big Business Deluxe,Simulation,389,4.44,55345,500000,1000000
Chaos Fighters,Adventure,390,4.14,455,10000,50000
Slots Romance: NEW SLOTS GAME,Casino,391,4.62,1649,10000,50000
Monsterama Planet,Simulation,392,4.34,29481,1000000,5000000
Shall we date Mononoke Kiss,Adventure,393,4.48,3574,50000,100000
Slots Casino Party,Casino,394,3.88,54083,1000000,5000000
Castle Defense,Strategy,395,4.29,115330,10000000,50000000
Workout Trainer,Health & Fitness,396,4.3,58849,5000000,10000000
Lords & Knights - Strategy MMO,Strategy,397,4.19,28149,1000000,5000000
Fish Live,Family,398,4.45,295342,10000000,50000000
Slot Casino - Slot Machines,Board,399,4.42,97381,10000000,50000000
Keeper Password & Data Vault,Tools,400,4.37,29875,1000000,5000000
Grand Theft Auto: Vice City,Arcade,401,3.98,35071,500000,1000000
Assistant,Lifestyle,402,4.59,305256,5000000,10000000
Cats & Dogs Casino -FREE Slots,Casino,403,4.51,10714,100000,500000
Panda Jam,Puzzle,404,4.13,34605,1000000,5000000
Armed Heroes(BGI),Arcade,405,3.94,13515,100000,500000
Slots Bonanza slot machines,Casino,406,4.21,9916,100000,500000
HotSchedules,Productivity,407,2.84,5588,100000,500000
SlingPlayer for Phones,Entertainment,408,4.32,10305,100000,500000
Pocket Fort,Strategy,409,4.38,13128,500000,1000000
Hidden Object: Mystery Estate,Puzzle,410,4.17,61282,1000000,5000000
TMNT: ROOFTOP RUN,Action,411,3.89,3427,50000,100000
Justin.tv,Entertainment,412,3.14,1295,10000,50000
Caller Id Faker,Communication,413,4.51,5590,100000,500000
Slots Farm - slot machines,Casino,414,4.35,10927,1000000,5000000
Fairway Solitaire Blast,Card,415,4.02,10898,100000,500000
Garmin Pilot,Weather,416,3.77,369,10000,50000
FINAL FANTASY VI,Role Playing,417,4.54,9063,50000,100000
FINAL FANTASY IV,Role Playing,418,4.43,9920,100000,500000
NYTimes - Breaking News,News & Magazines,419,3.75,31465,5000000,10000000
WIND RUNNER,Action,420,4.47,27441,100000,500000
Life is Crime,Casual,421,4.33,48168,1000000,5000000
Word Chums,Word,422,4.84,38601,100000,500000
Garden Mania 2,Casual,423,4.31,31565,1000000,5000000
Six-Guns,Action,424,4.43,569684,10000000,50000000
Tap Paradise Cove,Casual,425,4.08,31530,1000000,5000000
Farming Simulator 14,Simulation,426,4.25,12719,100000,500000
Galaxy Fight,Casual,427,4.59,10875,100000,500000
Jackpot Bingo -Free Bingo Game,Casino,428,4.4,49295,1000000,5000000
Cozi Family Calendar & Lists,Productivity,429,4.45,16844,1000000,5000000
Charm King,Puzzle,430,4.63,11068,100000,500000
Gangstar Vegas,Action,431,3.93,38255,100000,500000
Lose It!,Health & Fitness,432,4.54,24827,1000000,5000000
Mutants: Genetic Gladiators,Action,433,4.27,15465,100000,500000
Mathway,Education,434,4.2,7798,500000,1000000
Guardian Cross,Role Playing,435,3.72,6999,500000,1000000
"Casino Live - Poker, Slots",Casino,436,4.19,6490,500000,1000000
Wonderland Epic Play Now,Puzzle,437,4.02,5857,100000,500000
Emoji Keyboard - Emoticons(KK),Tools,438,4.21,44790,1000000,5000000
Shall we date Destiny Ninja,Adventure,439,4.38,18122,500000,1000000
Slots of Fun - Free Slot Games,Casino,440,3.95,6253,500000,1000000
Ragnarok Valkyrie [English],Role Playing,441,4.46,58509,500000,1000000
Fashion Story,Casual,442,4.25,186944,10000000,50000000
Plants vs. Zombies,Casual,443,3.94,26956,500000,1000000
The Room Two,Puzzle,444,4.86,46065,100000,500000
Threes!,Puzzle,445,4.59,16771,100000,500000
The Cinderella Contract,Simulation,446,4.3,5014,100000,500000
Mini Golf MatchUp,Arcade,447,4.46,178672,1000000,5000000
GotchaWarriorsX,Strategy,448,4.27,51549,1000000,5000000
Clash of Slots,Casino,449,4.25,3457,100000,500000
3D MMO Celtic Heroes,Role Playing,450,4.2,2689,10000,50000
Slots - Journey of Magic,Casino,451,4.18,13512,1000000,5000000
Fairy Kingdom HD,Strategy,452,4.37,18837,100000,500000
AutoRap by Smule,Music & Audio,453,4.09,64242,5000000,10000000
SAS: Zombie Assault 3,Action,454,4.39,112447,1000000,5000000
Clear Vision 3 -Sniper Shooter,Action,455,4.34,222279,1000000,5000000
MONOPOLY,Casual,456,3.75,11118,100000,500000
Pet Shop Story,Casual,457,4.25,142305,10000000,50000000
OfficeSuite Pro 7 (PDF&Fonts),Business,458,4.37,31685,500000,1000000
Slots- Vegas slot machines,Casino,459,4.2,5059,100000,500000
FL Studio Mobile,Music & Audio,460,4.12,3493,50000,100000
PrinterShare Premium Key,Business,461,4.43,7776,100000,500000
Titanium Backup PRO Key ,Tools,462,4.8,53244,500000,1000000
Bubble Blaze,Casual,463,4.31,69018,5000000,10000000
Clickfun Casino Slots,Card,464,4.19,8099,500000,1000000
Montezuma Blitz Match 3 Puzzle,Arcade,465,4.06,28053,500000,1000000
Meez,Social,466,3.92,14676,500000,1000000
Teen Patti - Indian Poker,Casino,467,4.49,475313,5000000,10000000
Littlest Pet Shop,Family,468,4.29,188328,10000000,50000000
Wipeout,Action,469,4.48,19680,100000,500000
Tower of Saviors,Puzzle,470,4.46,46939,1000000,5000000
Warspear Online MMORPG,Role Playing,471,4.26,52367,1000000,5000000
Amazing Spider-Man 2 Live WP,Personalization,472,4.17,75983,5000000,10000000
Kakao,Simulation,473,4.34,285681,1000000,5000000
NQ Mobile Security & Antivirus,Productivity,474,4.38,225462,10000000,50000000
Diner Dash,Family,475,3.96,60881,5000000,10000000
SLOTS: Bible Slots Free,Casino,476,4.53,8613,500000,1000000
Pet Shop Story: Springtime,Simulation,477,4.01,15101,500000,1000000
Infinite Flight Simulator,Simulation,478,4.41,8126,100000,500000
Tasker,Tools,479,4.63,21896,500000,1000000
Galaxy - Chat & Play,Social,480,4.28,36822,1000000,5000000
Pou,Casual,481,4.41,4199735,100000000,500000000
FRONTLINE COMMANDO: D-DAY,Action,482,4.53,515506,10000000,50000000
Call of Mini Infinity,Arcade,483,3.99,168045,1000000,5000000
Splashtop 2 Remote Desktop,Business,484,4.55,54593,1000000,5000000
Arcane Empires,Arcade,485,4.27,19400,1000000,5000000
Burner - Disposable Numbers,Communication,486,3.99,1324,100000,500000
Happy Street,Casual,487,4.55,64284,1000000,5000000
Quiz RPG: World of Mystic Wiz,Role Playing,488,4.29,6889,100000,500000
Invoice2go Plus - Invoice App,Business,489,4.3,2239,100000,500000
BIG WIN Football,Sports,490,4.23,66268,5000000,10000000
Dragon Friends,Simulation,491,4.53,4262,10000,50000
Magic 2014,Puzzle,492,4.19,20738,100000,500000
"Zombies, Run!",Health & Fitness,493,4.33,7484,100000,500000
Sword of King : Excalibur,Action,494,4.14,5684,100000,500000
Electro Girl (Card Battle),Arcade,495,3.83,4959,500000,1000000
Anonymous Texting,Communication,496,3.83,2053,500000,1000000
2014 for Kakao,Sports,497,4.37,277193,5000000,10000000
GPS Navigation by Sygic,Travel & Local,498,4.21,270882,10000000,50000000
The World of Magic,Role Playing,499,4.35,63392,1000000,5000000
SongPop,Music,500,4.59,319860,10000000,50000000